{
  "df_all_fs_all_type_AO_resp_Form": 0.7489177489177489,
  "df_all_fs_verb_ref_type_AO_resp_Form": 0.6190476190476191,
  "df_all_fs_disc_type_AO_resp_Form": 0.7575757575757576,
  "df_all_fs_disc_ref_type_AO_resp_Form": 0.7532467532467533,
  "df_all_fs_verb_type_AO_resp_Form": 0.6017316017316018,
  "df_ind_fs_all_type_AO_resp_Form": 0.7230769230769231,
  "df_ind_fs_verb_ref_type_AO_resp_Form": 0.6256410256410256,
  "df_ind_fs_disc_type_AO_resp_Form": 0.6923076923076923,
  "df_ind_fs_disc_ref_type_AO_resp_Form": 0.7230769230769231,
  "df_ind_fs_verb_type_AO_resp_Form": 0.5846153846153846
}