{
  "df_all_fs_all_type_AO_resp_Ptcl": 0.8441558441558441,
  "df_all_fs_verb_ref_type_AO_resp_Ptcl": 0.8441558441558441,
  "df_all_fs_disc_type_AO_resp_Ptcl": 0.8441558441558441,
  "df_all_fs_disc_ref_type_AO_resp_Ptcl": 0.8441558441558441,
  "df_all_fs_verb_type_AO_resp_Ptcl": 0.8441558441558441,
  "df_all_fs_tg_type_AO_resp_Ptcl": 0.8441558441558441,
  "df_ind_fs_all_type_AO_resp_Ptcl": 0.7948717948717948,
  "df_ind_fs_verb_ref_type_AO_resp_Ptcl": 0.7846153846153846,
  "df_ind_fs_disc_type_AO_resp_Ptcl": 0.7948717948717948,
  "df_ind_fs_disc_ref_type_AO_resp_Ptcl": 0.7948717948717948,
  "df_ind_fs_verb_type_AO_resp_Ptcl": 0.7948717948717948,
  "df_ind_fs_tg_type_AO_resp_Ptcl": 0.7948717948717948
}