{
  "df_all_fs_all_type_O_only_resp_Ptcl": 0.7333333333333333,
  "df_all_fs_verb_cl_type_O_only_resp_Ptcl": 0.7333333333333333,
  "df_all_fs_verb_ref_type_O_only_resp_Ptcl": 0.7333333333333333,
  "df_all_fs_disc_type_O_only_resp_Ptcl": 0.7333333333333333,
  "df_all_fs_disc_ref_type_O_only_resp_Ptcl": 0.7333333333333333,
  "df_all_fs_verb_type_O_only_resp_Ptcl": 0.7333333333333333,
  "df_all_fs_tg_type_O_only_resp_Ptcl": 0.7333333333333333,
  "df_all_fs_verb_cl_ref_type_O_only_resp_Ptcl": 0.7333333333333333,
  "df_ind_fs_all_type_O_only_resp_Ptcl": 0.7192982456140351,
  "df_ind_fs_verb_cl_type_O_only_resp_Ptcl": 0.7192982456140351,
  "df_ind_fs_verb_ref_type_O_only_resp_Ptcl": 0.7192982456140351,
  "df_ind_fs_disc_type_O_only_resp_Ptcl": 0.7192982456140351,
  "df_ind_fs_disc_ref_type_O_only_resp_Ptcl": 0.7192982456140351,
  "df_ind_fs_verb_type_O_only_resp_Ptcl": 0.7192982456140351,
  "df_ind_fs_tg_type_O_only_resp_Ptcl": 0.7192982456140351,
  "df_ind_fs_verb_cl_ref_type_O_only_resp_Ptcl": 0.7192982456140351
}