{
  "df_all_fs_all_type_A_only_resp_Ptcl": 0.7576271186440678,
  "df_all_fs_verb_ref_type_A_only_resp_Ptcl": 0.7677966101694915,
  "df_all_fs_disc_type_A_only_resp_Ptcl": 0.7711864406779662,
  "df_all_fs_disc_ref_type_A_only_resp_Ptcl": 0.7677966101694915,
  "df_all_fs_verb_type_A_only_resp_Ptcl": 0.7711864406779662,
  "df_all_fs_tg_type_A_only_resp_Ptcl": 0.7711864406779662,
  "df_ind_fs_all_type_A_only_resp_Ptcl": 0.7653631284916201,
  "df_ind_fs_verb_ref_type_A_only_resp_Ptcl": 0.7672253258845437,
  "df_ind_fs_disc_type_A_only_resp_Ptcl": 0.776536312849162,
  "df_ind_fs_disc_ref_type_A_only_resp_Ptcl": 0.7746741154562383,
  "df_ind_fs_verb_type_A_only_resp_Ptcl": 0.776536312849162,
  "df_ind_fs_tg_type_A_only_resp_Ptcl": 0.776536312849162
}