{
  "df_all_fs_all_type_AO_resp_O-rform": 0.5757575757575758,
  "df_all_fs_verb_ref_type_AO_resp_O-rform": 0.4199134199134199,
  "df_all_fs_disc_type_AO_resp_O-rform": 0.5757575757575758,
  "df_all_fs_disc_ref_type_AO_resp_O-rform": 0.5757575757575758,
  "df_all_fs_verb_type_AO_resp_O-rform": 0.36363636363636365,
  "df_all_fs_tg_type_AO_resp_O-rform": 0.35064935064935066,
  "df_ind_fs_all_type_AO_resp_O-rform": 0.5538461538461539,
  "df_ind_fs_verb_ref_type_AO_resp_O-rform": 0.4461538461538462,
  "df_ind_fs_disc_type_AO_resp_O-rform": 0.558974358974359,
  "df_ind_fs_disc_ref_type_AO_resp_O-rform": 0.5538461538461539,
  "df_ind_fs_verb_type_AO_resp_O-rform": 0.38461538461538464,
  "df_ind_fs_tg_type_AO_resp_O-rform": 0.3282051282051282
}