{
  "df_all_fs_all_type_A_only_resp_A-rform": 0.6644067796610169,
  "df_all_fs_verb_ref_type_A_only_resp_A-rform": 0.6203389830508474,
  "df_all_fs_disc_type_A_only_resp_A-rform": 0.6677966101694915,
  "df_all_fs_disc_ref_type_A_only_resp_A-rform": 0.6644067796610169,
  "df_all_fs_verb_type_A_only_resp_A-rform": 0.5644067796610169,
  "df_ind_fs_all_type_A_only_resp_A-rform": 0.6461824953445066,
  "df_ind_fs_verb_ref_type_A_only_resp_A-rform": 0.6033519553072626,
  "df_ind_fs_disc_type_A_only_resp_A-rform": 0.6461824953445066,
  "df_ind_fs_disc_ref_type_A_only_resp_A-rform": 0.6499068901303539,
  "df_ind_fs_verb_type_A_only_resp_A-rform": 0.5698324022346368
}